{
  "datasetPath": "C:\\Users\\31744\\Desktop\\ai-video-insight\\scripts\\retrieval-eval-v1.json",
  "generatedAt": "2026-04-17T10:10:08.254Z",
  "analysisId": null,
  "userId": null,
  "topK": [
    1,
    3,
    5
  ],
  "warnings": [],
  "summary": {
    "dense": {
      "queryCount": 12,
      "mrr": 0.6666666666666666,
      "metrics": {
        "recall@1": 0.25,
        "hit@1": 0.4166666666666667,
        "recall@3": 0.8194444444444443,
        "hit@3": 1,
        "recall@5": 1,
        "hit@5": 1
      }
    },
    "sparse": {
      "queryCount": 12,
      "mrr": 0.4861111111111111,
      "metrics": {
        "recall@1": 0.125,
        "hit@1": 0.16666666666666666,
        "recall@3": 0.6666666666666666,
        "hit@3": 0.8333333333333334,
        "recall@5": 0.9305555555555555,
        "hit@5": 1
      }
    },
    "hybrid": {
      "queryCount": 12,
      "mrr": 0.5694444444444445,
      "metrics": {
        "recall@1": 0.20833333333333334,
        "hit@1": 0.25,
        "recall@3": 0.8472222222222223,
        "hit@3": 1,
        "recall@5": 1,
        "hit@5": 1
      }
    }
  },
  "queries": [
    {
      "id": "mislead-origin",
      "query": "这场鱼油宣传争议的起因是什么？",
      "expectedChunkIndexes": [
        0
      ],
      "metadataFilter": {
        "startSeconds": 0,
        "endSeconds": 90,
        "label": "opening_context"
      },
      "methods": {
        "dense": {
          "topChunkIndexes": [
            3,
            2,
            0,
            1
          ],
          "mrr": 0.3333333333333333,
          "metrics": {
            "recall@1": 0,
            "hit@1": 0,
            "recall@3": 1,
            "hit@3": 1,
            "recall@5": 1,
            "hit@5": 1
          }
        },
        "sparse": {
          "topChunkIndexes": [
            3,
            2,
            0,
            1
          ],
          "mrr": 0.3333333333333333,
          "metrics": {
            "recall@1": 0,
            "hit@1": 0,
            "recall@3": 1,
            "hit@3": 1,
            "recall@5": 1,
            "hit@5": 1
          }
        },
        "hybrid": {
          "topChunkIndexes": [
            3,
            2,
            0,
            1
          ],
          "mrr": 0.3333333333333333,
          "metrics": {
            "recall@1": 0,
            "hit@1": 0,
            "recall@3": 1,
            "hit@3": 1,
            "recall@5": 1,
            "hit@5": 1
          }
        }
      }
    },
    {
      "id": "mislead-omega3-claim",
      "query": "直播间对 Omega-3 做了哪些误导性表述？",
      "expectedChunkIndexes": [
        1,
        2
      ],
      "metadataFilter": {
        "startSeconds": 30,
        "endSeconds": 420,
        "label": "omega3_claims"
      },
      "methods": {
        "dense": {
          "topChunkIndexes": [
            3,
            2,
            0,
            1
          ],
          "mrr": 0.5,
          "metrics": {
            "recall@1": 0,
            "hit@1": 0,
            "recall@3": 0.5,
            "hit@3": 1,
            "recall@5": 1,
            "hit@5": 1
          }
        },
        "sparse": {
          "topChunkIndexes": [
            0,
            3,
            2,
            1
          ],
          "mrr": 0.3333333333333333,
          "metrics": {
            "recall@1": 0,
            "hit@1": 0,
            "recall@3": 0.5,
            "hit@3": 1,
            "recall@5": 1,
            "hit@5": 1
          }
        },
        "hybrid": {
          "topChunkIndexes": [
            0,
            3,
            2,
            1
          ],
          "mrr": 0.3333333333333333,
          "metrics": {
            "recall@1": 0,
            "hit@1": 0,
            "recall@3": 0.5,
            "hit@3": 1,
            "recall@5": 1,
            "hit@5": 1
          }
        }
      }
    },
    {
      "id": "mislead-food-sources",
      "query": "视频如何反驳“日常饮食吃不到 Omega-3”这种说法？",
      "expectedChunkIndexes": [
        1,
        2
      ],
      "metadataFilter": null,
      "methods": {
        "dense": {
          "topChunkIndexes": [
            1,
            0,
            2,
            3
          ],
          "mrr": 1,
          "metrics": {
            "recall@1": 0.5,
            "hit@1": 1,
            "recall@3": 1,
            "hit@3": 1,
            "recall@5": 1,
            "hit@5": 1
          }
        },
        "sparse": {
          "topChunkIndexes": [
            3,
            2,
            0,
            1
          ],
          "mrr": 0.5,
          "metrics": {
            "recall@1": 0,
            "hit@1": 0,
            "recall@3": 0.5,
            "hit@3": 1,
            "recall@5": 1,
            "hit@5": 1
          }
        },
        "hybrid": {
          "topChunkIndexes": [
            0,
            1,
            3,
            2
          ],
          "mrr": 0.5,
          "metrics": {
            "recall@1": 0,
            "hit@1": 0,
            "recall@3": 0.5,
            "hit@3": 1,
            "recall@5": 1,
            "hit@5": 1
          }
        }
      }
    },
    {
      "id": "mislead-omega6",
      "query": "视频为什么说把 Omega-6 说成完全不需要是不科学的？",
      "expectedChunkIndexes": [
        3
      ],
      "metadataFilter": {
        "startSeconds": 87,
        "endSeconds": 420,
        "label": "omega6_rebuttal"
      },
      "methods": {
        "dense": {
          "topChunkIndexes": [
            0,
            1,
            3,
            2
          ],
          "mrr": 0.3333333333333333,
          "metrics": {
            "recall@1": 0,
            "hit@1": 0,
            "recall@3": 1,
            "hit@3": 1,
            "recall@5": 1,
            "hit@5": 1
          }
        },
        "sparse": {
          "topChunkIndexes": [
            0,
            2,
            3,
            1
          ],
          "mrr": 0.3333333333333333,
          "metrics": {
            "recall@1": 0,
            "hit@1": 0,
            "recall@3": 1,
            "hit@3": 1,
            "recall@5": 1,
            "hit@5": 1
          }
        },
        "hybrid": {
          "topChunkIndexes": [
            0,
            2,
            3,
            1
          ],
          "mrr": 0.3333333333333333,
          "metrics": {
            "recall@1": 0,
            "hit@1": 0,
            "recall@3": 1,
            "hit@3": 1,
            "recall@5": 1,
            "hit@5": 1
          }
        }
      }
    },
    {
      "id": "mislead-effect-claims",
      "query": "主播宣传鱼油时夸大了哪些功效？",
      "expectedChunkIndexes": [
        3
      ],
      "metadataFilter": null,
      "methods": {
        "dense": {
          "topChunkIndexes": [
            0,
            3,
            2,
            1
          ],
          "mrr": 0.5,
          "metrics": {
            "recall@1": 0,
            "hit@1": 0,
            "recall@3": 1,
            "hit@3": 1,
            "recall@5": 1,
            "hit@5": 1
          }
        },
        "sparse": {
          "topChunkIndexes": [
            3,
            2,
            0
          ],
          "mrr": 1,
          "metrics": {
            "recall@1": 1,
            "hit@1": 1,
            "recall@3": 1,
            "hit@3": 1,
            "recall@5": 1,
            "hit@5": 1
          }
        },
        "hybrid": {
          "topChunkIndexes": [
            3,
            2,
            0,
            1
          ],
          "mrr": 1,
          "metrics": {
            "recall@1": 1,
            "hit@1": 1,
            "recall@3": 1,
            "hit@3": 1,
            "recall@5": 1,
            "hit@5": 1
          }
        }
      }
    },
    {
      "id": "mislead-regulation",
      "query": "视频最后对这种宣传方式的监管和合规问题有什么态度？",
      "expectedChunkIndexes": [
        3
      ],
      "metadataFilter": null,
      "methods": {
        "dense": {
          "topChunkIndexes": [
            2,
            3,
            0,
            1
          ],
          "mrr": 0.5,